опедонвхрюрэ;ъ;1,000000;0,000000;0,000000;0,000000;
хлъ;ъ;1,000000;0,835199;0,855493;0,874038;
мюопюбхрэяъ;ъ;1,000000;0,000000;0,000000;0,000000;
лнлемр;щрнр;1,000000;0,000000;0,000000;0,000000;
ъ;онярекэ;0,000000;1,000000;0,000000;0,000000;
псйю;ашрэ;0,000000;0,793282;1,000000;0,948966;
ондслюрэ;ъ;1,000000;0,819225;0,620246;0,625928;
ъ;беяекши;0,000000;1,000000;0,982818;0,878007;
днапюрэяъ;ъ;1,000000;0,000000;0,000000;0,000000;
яонйнимши;мнвэ;1,000000;0,000000;0,000000;0,000000;
опхеуюрэ;ячдю;1,000000;0,000000;0,000000;0,000000;
ъ;онйювюрэ;0,611980;1,000000;0,802861;0,815825;
ъ;онкчахрэ;1,000000;0,000000;0,000000;0,000000;
ъ;бшундхрэ;1,000000;0,912281;0,776478;0,763483;
деяърэ;лхмсрэ;1,000000;0,000000;0,000000;0,000000;
блеяре;ъ;0,592120;1,000000;0,632645;0,616698;
щрнр;дерэ;1,000000;0,000000;0,000000;0,000000;
фюкэ;нвемэ;1,000000;0,000000;0,000000;0,000000;
фемю;ъ;1,000000;0,864918;0,875410;0,862623;
беяэ;ъ;0,752995;0,935127;1,000000;0,996345;
явюярэе;ъ;0,962471;0,935887;1,000000;0,988272;
днл;щрнр;1,000000;0,000000;0,000000;0,000000;
псйю;ябни;1,000000;0,647093;0,000000;0,000000;
ъ;мюонлхмюрэ;1,000000;0,000000;0,000000;0,000000;
сдюрэяъ;ъ;1,000000;0,710201;0,447621;0,417658;
цняондэ;ъ;0,645246;1,000000;0,889237;0,782132;
онякедмхи;ъ;0,323475;1,000000;0,872731;0,798491;
нвемэ;ъ;0,950718;1,000000;0,983386;0,886588;
опнднкфюрэ;ъ;1,000000;0,730720;0,758391;0,715091;
дпсцни;дпсц;0,000000;1,000000;0,000000;0,000000;
ъ;српн;0,849702;0,882441;0,961310;1,000000;
ъ;хгбхмхрэ;1,000000;0,893220;0,757627;0,676271;
ъ;наепмсрэяъ;1,000000;0,847409;0,000000;0,739532;
йпеойн;ъ;0,557029;1,000000;0,525641;0,581786;
якегю;ъ;0,000000;0,924738;1,000000;0,834670;
ашрэ;яеивюя;0,883088;1,000000;0,887500;0,838971;
ъ;гбюрэ;1,000000;0,292177;0,342768;0,359037;
ъ;ондубюрхрэ;1,000000;0,000000;0,000000;0,000000;
ъ;цкюбю;0,000000;0,856478;0,906129;1,000000;
йбюпрхпю;ъ;0,847755;0,828237;0,912817;1,000000;
рнр;бяе;0,772586;0,761994;1,000000;0,940810;
ъ;опнхгнирх;0,783254;0,975059;0,856888;1,000000;
намърэ;ъ;1,000000;0,000000;0,000000;0,340503;
лнвэ;яеаъ;0,399639;1,000000;0,556318;0,419495;
ъ;опедкюцюрэ;1,000000;0,000000;0,000000;0,000000;
онфюрэ;ъ;1,000000;0,948688;0,868805;0,875219;
ъ;нрберхрэ;1,000000;0,671908;0,658805;0,699214;
опедкюцюрэ;ъ;1,000000;0,000000;0,000000;0,000000;
оепеахрэ;ъ;1,000000;0,000000;0,000000;0,000000;
гмюрэ;щрнр;0,522388;1,000000;0,761194;0,701492;
опедярюбхрэ;яеаъ;1,000000;0,000000;0,000000;0,000000;
жекнбюрэ;ъ;1,000000;0,000000;0,000000;0,000000;
ъ;бндю;0,584718;0,813538;0,957226;1,000000;
ъ;гюдюрэ;1,000000;0,000000;0,000000;0,000000;
гса;ъ;0,000000;1,000000;0,795933;0,813362;
ъ;бярперхрэ;1,000000;0,000000;0,000000;0,000000;
цнд;ъ;0,831789;0,833848;0,974253;1,000000;
ъ;бепмши;0,846898;0,990324;0,986910;1,000000;
ъ;онлнвэ;1,000000;0,380334;0,362465;0,326619;
мекэгъ;ашрэ;1,000000;0,000000;0,000000;0,000000;
мюдеърэяъ;ъ;1,000000;0,642131;0,460090;0,464985;
мэе;инпй;1,000000;0,000000;0,000000;0,000000;
хлерэ;гмювемхе;1,000000;0,000000;0,000000;0,000000;
мсфмши;ашрэ;1,000000;0,000000;0,000000;0,000000;
хцпю;ъ;0,000000;0,000000;0,944802;1,000000;
инпй;мэе;1,000000;0,000000;0,000000;0,000000;
фхрэ;ашрэ;1,000000;0,000000;0,000000;0,000000;
скшамсрэяъ;ъ;1,000000;0,768170;0,703764;0,719500;
ъ;днпнцни;0,869605;0,967324;1,000000;0,964550;
ъ;йпнбэ;0,691083;0,832484;1,000000;0,902548;
йрн;мхасдэ;1,000000;0,000000;0,000000;0,000000;
ашрэ;опюбши;1,000000;0,000000;0,000000;0,000000;
яеивюя;ъ;1,000000;0,543366;0,487511;0,519016;
ъ;янярнъмхе;0,691185;0,818237;1,000000;0,918541;
цксахмю;дсьхрэ;1,000000;0,000000;0,000000;0,000000;
наю;псйю;1,000000;0,000000;0,000000;0,000000;
дсью;ъ;1,000000;0,977153;0,930287;0,946690;
онкчахрэ;ъ;1,000000;0,000000;0,000000;0,000000;
онкнфхрэ;псйю;1,000000;0,000000;0,000000;0,000000;
бонкме;лнвэ;1,000000;0,000000;0,000000;0,000000;
ъ;деяърэ;0,000000;0,795955;1,000000;0,826889;
онбепхрэ;ъ;1,000000;0,849782;0,646401;0,625409;
нярюкэмни;ъ;0,000000;0,821789;0,977808;1,000000;
ъ;кчдх;0,564189;0,769890;0,943358;1,000000;
ъ;опнирх;1,000000;0,960492;0,775252;0,941483;
мюь;ъ;0,000000;0,813665;0,969280;1,000000;
ъ;мейнрнпши;0,000000;1,000000;0,610265;0,619868;
ъ;гюмхлюрэяъ;1,000000;0,896072;0,731477;0,707608;
рбепдши;ъ;0,000000;0,991532;1,000000;0,867590;
ашрэ;фхрэ;1,000000;0,000000;0,000000;0,000000;
ъ;яохмю;0,998667;1,000000;0,626667;0,747333;
днвэ;ъ;1,000000;0,812325;0,901961;0,867787;
ъ;гюапюрэ;1,000000;0,000000;0,000000;0,000000;
лхяяхя;ъ;0,000000;0,832168;1,000000;0,996773;
юу;ъ;0,000000;1,000000;0,848662;0,904682;
рюйни;рюйни;0,000000;1,000000;0,000000;0,000000;
бяе;онврхрэ;1,000000;0,000000;0,000000;0,000000;
мефмши;ъ;0,578436;1,000000;0,770217;0,812196;
ъ;вершпе;0,000000;0,875786;1,000000;0,899371;
пюгасдхрэ;ъ;1,000000;0,000000;0,000000;0,000000;
еые;мхйнцдю;1,000000;0,000000;0,000000;0,000000;
бхмяши;0,000000;0,000000;0,000000;0,000000;
гюапюрэ;ъ;1,000000;0,000000;0,000000;0,000000;
унрерэ;ъ;1,000000;0,943033;0,578663;0,525181;
щрнр;якнбн;1,000000;0,000000;0,000000;0,000000;
ъ;янм;0,805726;0,877301;1,000000;0,996592;
онйювюрэ;ъ;0,611980;1,000000;0,802861;0,815825;
ъ;яберю;0,669856;0,620813;0,793062;1,000000;
ъ;опхвхмхрэ;1,000000;0,000000;0,000000;0,000000;
ъ;акхгйхи;0,000000;0,946142;1,000000;0,907556;
ъ;опхвхмю;0,729067;0,722488;1,000000;0,892344;
дерэ;бяе;1,000000;0,000000;0,000000;0,000000;
онгбнкхрэ;ъ;1,000000;0,469563;0,495798;0,432056;
ъ;рекн;1,000000;0,531375;0,484774;0,546909;
онялнрперэ;цкюг;0,000000;0,000000;1,000000;0,000000;
ъ;яйюгюрэ;1,000000;0,684451;0,613138;0,561063;
анц;ъ;0,750072;1,000000;0,968759;0,928840;
опнькши;ъ;0,000000;1,000000;0,836986;0,853554;
ъ;реоепэ;1,000000;0,536173;0,481594;0,545239;
ъ;хявегмсрэ;1,000000;0,990915;0,714885;0,811321;
кеярмхжю;ъ;0,000000;0,000000;1,000000;0,936851;
ъ;ярюрэ;1,000000;0,965592;0,774227;0,732610;
якедхрэ;ъ;0,000000;1,000000;0,000000;0,000000;
меверйхи;0,000000;0,000000;0,000000;0,000000;
сгмюрэ;ъ;1,000000;0,994339;0,708287;0,646328;
аекши;ъ;0,000000;0,838327;0,946297;1,000000;
яберю;ъ;0,669856;0,620813;0,793062;1,000000;
ъ;янлмебюрэяъ;0,000000;1,000000;0,575845;0,579710;
српнл;яецндмъ;1,000000;0,000000;0,000000;0,000000;
лнквюрэ;ъ;1,000000;0,729154;0,000000;0,663323;
медекъ;ъ;0,793722;0,832399;0,898543;1,000000;
ъ;мюбепмне;1,000000;0,406243;0,500989;0,528248;
дюкейн;ъ;0,861079;0,991208;1,000000;0,990621;
гюашрэ;ъ;0,789672;1,000000;0,677435;0,643716;
ъ;пхлн;0,000000;0,000000;0,000000;1,000000;
фемыхмю;йнрнпши;1,000000;0,000000;0,000000;0,000000;
яеи;онпю;1,000000;0,000000;0,000000;0,000000;
мхасдэ;врн;1,000000;0,000000;0,000000;0,000000;
ъ;ашбюрэ;0,853008;0,992384;1,000000;0,969535;
лмнцхи;ъ;0,000000;1,000000;0,861229;0,800847;
оепеярюрэ;ъ;1,000000;0,977206;0,863971;0,743382;
лнфмн;йнрнпши;1,000000;0,000000;0,000000;0,000000;
анц;якюбю;1,000000;0,000000;0,000000;0,000000;
ъ;ондпсцю;0,000000;0,000000;1,000000;0,976371;
онгдмн;пюмн;0,000000;1,000000;0,000000;0,000000;
гюярюбкърэ;ъ;1,000000;0,000000;0,000000;0,000000;
йхбмсрэ;ъ;1,000000;0,749558;0,672557;0,750821;
пюг;ъ;0,000000;1,000000;0,850927;0,000000;
бяе;щрнр;1,000000;0,480890;0,606115;0,640063;
мюулспхрэяъ;ъ;1,000000;0,000000;0,000000;0,000000;
йнте;ъ;0,810370;0,968889;1,000000;0,968148;
ъ;дбюджюрэ;0,000000;0,793009;1,000000;0,820425;
ъ;гса;0,000000;1,000000;0,795933;0,813362;
ъ;напюрхрэяъ;0,987527;1,000000;0,000000;0,000000;
нрдюрэ;ъ;1,000000;0,445793;0,433654;0,000000;
ъ;яеярэ;1,000000;0,577527;0,650273;0,640027;
дбю;медекъ;1,000000;0,000000;0,000000;0,000000;
цнкнбю;онбепмсрэ;1,000000;0,000000;0,000000;0,000000;
щрнр;кчдх;1,000000;0,000000;0,000000;0,000000;
рекн;ъ;1,000000;0,531375;0,484774;0,546909;
ъ;скшаюрэяъ;1,000000;0,000000;0,000000;0,000000;
мюбепмне;ъ;1,000000;0,406243;0,500989;0,528248;
нонгнпхрэ;0,000000;0,000000;0,000000;0,000000;
бнгпюфюрэ;ъ;0,000000;1,000000;0,000000;0,000000;
нопхвмши;0,000000;0,000000;0,000000;0,000000;
нрбегрх;ъ;1,000000;0,000000;0,000000;0,000000;
ъ;бнкъ;1,000000;0,000000;0,000000;0,000000;
рбни;нреж;1,000000;0,000000;0,000000;0,000000;
ъ;ймхцю;0,000000;0,000000;1,000000;0,948305;
скшайю;ъ;0,686077;0,977554;0,991217;1,000000;
ъ;фдюрэ;1,000000;0,592140;0,453037;0,442204;
бяъйхи;яксвюи;1,000000;0,000000;0,000000;0,000000;
онапюрэ;вепрю;1,000000;0,000000;0,000000;0,000000;
ъ;лхяя;0,000000;0,853701;1,000000;0,900705;
ашрэ;опхърмши;1,000000;0,000000;0,000000;0,000000;
рнр;яеаъ;0,000000;0,962335;0,974576;1,000000;
лмнцн;ъ;0,935733;1,000000;0,959192;0,913252;
цнбнпхрэ;ъ;1,000000;0,717591;0,581712;0,536205;
лнвэ;ябни;0,000000;0,926267;1,000000;0,993417;
вюя;дбю;1,000000;0,000000;0,000000;0,000000;
мюирх;ъ;1,000000;0,607825;0,533289;0,504642;
яецндмъ;српнл;1,000000;0,000000;0,000000;0,000000;
ъ;унпньхи;0,583048;1,000000;0,993603;0,957048;
ъ;сяонйнхрэ;1,000000;0,000000;0,000000;0,000000;
якедсчыхи;ъ;0,000000;1,000000;0,676850;0,639415;
ъ;нрбевюрэ;1,000000;0,855229;0,643483;0,707367;
хявегмсрэ;ъ;1,000000;0,990915;0,714885;0,811321;
оепедюрэ;ъ;1,000000;0,000000;0,000000;0,000000;
анкее;рнр;1,000000;0,000000;0,000000;0,000000;
бшпюфемхе;ъ;1,000000;0,000000;0,969839;0,916220;
пюяяйюгюрэ;бяе;1,000000;0,859592;0,000000;0,000000;
ондпсцю;ъ;0,000000;0,000000;1,000000;0,976371;
мюяйнкэйн;ъ;1,000000;0,000000;0,462028;0,411531;
ъ;лхп;0,616438;0,761886;0,944803;1,000000;
скшаюрэяъ;ъ;1,000000;0,000000;0,000000;0,000000;
йкнрхкэдю;0,000000;0,000000;0,000000;0,000000;
гмюрэ;бяе;1,000000;0,763591;0,788030;0,656858;
ашрэ;леярн;0,000000;0,964927;1,000000;0,000000;
опнрхбнгюйнммши;0,000000;0,000000;0,000000;0,000000;
оняксьюрэ;ъ;0,919355;1,000000;0,827097;0,721935;
псйю;ондмърэ;1,000000;0,000000;0,000000;0,000000;
ъ;опнямсрэяъ;1,000000;0,000000;0,000000;0,000000;
ъ;йнлоюмхъ;1,000000;0,000000;0,000000;0,000000;
ъ;бнкня;1,000000;0,943588;0,808462;0,837324;
ъ;бяъйхи;0,000000;0,961096;1,000000;0,818579;
ймхцю;ъ;0,000000;0,000000;1,000000;0,948305;
гюцнбнпхрэ;ъ;1,000000;0,885485;0,000000;0,000000;
щрнр;хярнпхъ;1,000000;0,000000;0,000000;0,000000;
ъ;пюгцнбнп;0,774903;0,795602;0,956878;1,000000;
еые;еярэ;1,000000;0,000000;0,000000;0,000000;
бхд;ашрэ;0,000000;0,000000;1,000000;0,000000;
ъ;онрнл;1,000000;0,669134;0,794033;0,867584;
ашрэ;бпелъ;0,981763;0,966059;1,000000;0,912361;
лнфмн;яйюгюрэ;1,000000;0,000000;0,000000;0,000000;
лхяреп;ъ;0,000000;0,835346;1,000000;0,963227;
мнвэ;ъ;0,714742;0,948845;0,920781;1,000000;
дслюрэ;бяе;0,000000;1,000000;0,000000;0,000000;
ъ;мюбепмъйю;1,000000;0,000000;0,559755;0,565314;
йпюяхбши;ъ;0,685604;1,000000;0,967261;0,880597;
деяърэ;керн;1,000000;0,000000;0,000000;0,000000;
щрнр;ндхм;0,000000;0,908333;1,000000;0,989167;
лнвэ;лнвэ;0,000000;0,000000;0,803462;1,000000;
яйюгюрэ;унрерэ;1,000000;0,329990;0,337818;0,304795;
ъ;опедонвхрюрэ;1,000000;0,000000;0,000000;0,000000;
онжекси;ъ;1,000000;0,772704;0,803653;0,805175;
яеаъ;псйю;0,000000;1,000000;0,000000;0,000000;
ашрэ;меврн;1,000000;0,000000;0,000000;0,000000;
бхдмши;ъ;0,000000;1,000000;0,877637;0,765120;
ъ;мнвэч;1,000000;0,774910;0,731900;0,778495;
яксвюрэ;бяъйхи;1,000000;0,000000;0,000000;0,000000;
онрнжйхи;0,000000;0,000000;0,000000;0,000000;
щрнр;дслюрэ;0,000000;1,000000;0,000000;0,000000;
ъ;яксвюимши;1,000000;0,000000;0,000000;0,000000;
ъ;люийк;0,000000;0,798295;1,000000;0,952415;
мхасдэ;йрн;1,000000;0,000000;0,000000;0,000000;
бпелъ;ъ;0,766818;0,994087;1,000000;0,980890;
ашрэ;ндхм;0,812522;0,962783;1,000000;0,901565;
бшапюрэ;ъ;1,000000;0,000000;0,000000;0,000000;
ъ;оепедюрэ;1,000000;0,000000;0,000000;0,000000;
ъ;бярперхрэяъ;0,683831;1,000000;0,437521;0,457199;
ъ;опхцкюяхрэ;1,000000;0,000000;0,000000;0,000000;
нярнпнфмши;ъ;0,863914;1,000000;0,851172;0,790010;
мюякюрэ;ъ;1,000000;0,000000;0,000000;0,000000;
лнфмн;ъ;0,779402;0,714982;0,850392;1,000000;
цнкнбю;ъ;0,651858;1,000000;0,770695;0,790834;
ъ;онялнрперэ;0,537875;1,000000;0,521589;0,532012;
ъ;мюакчдюрэ;0,489629;1,000000;0,000000;0,000000;
ъ;фемю;1,000000;0,864918;0,875410;0,862623;
ъгшй;ъ;0,955638;0,952557;1,000000;0,953789;
бнкмнбюрэяъ;ъ;0,000000;1,000000;0,000000;0,000000;
мхасдэ;йюйни;1,000000;0,000000;0,000000;0,000000;
ъ;бгцкъмсрэ;0,536199;1,000000;0,502879;0,495681;
опхбшймсрэ;ъ;0,957620;1,000000;0,000000;0,000000;
ъ;онднамши;0,527068;0,854954;0,925434;1,000000;
яепши;цкюг;1,000000;0,000000;0,000000;0,000000;
ъ;меяйнкэйн;0,329321;1,000000;0,940822;0,849214;
ъ;онярюпюрэяъ;1,000000;0,000000;0,000000;0,000000;
мняхрэ;ъ;1,000000;0,000000;0,000000;0,000000;
ашрэ;рюйни;1,000000;0,571123;0,629859;0,578812;
ъ;мюйнмеж;1,000000;0,620260;0,555176;0,557909;
ъ;пюяяйюгюрэ;1,000000;0,450305;0,402494;0,365337;
ъ;окевн;0,665430;1,000000;0,576544;0,665858;
ъ;яхдерэ;1,000000;0,590534;0,570663;0,558384;
ъ;яксьюрэ;1,000000;0,624488;0,528470;0,480461;
лшякэ;щрнр;1,000000;0,000000;0,000000;0,000000;
всбярбн;ябни;1,000000;0,000000;0,000000;0,000000;
бпелъ;ябни;1,000000;0,000000;0,000000;0,000000;
мюакчдюрэ;ъ;0,489629;1,000000;0,000000;0,000000;
ъ;меанкэьни;0,000000;0,000000;1,000000;0,930150;
ъ;юу;0,000000;1,000000;0,848662;0,904682;
унрерэ;яйюгюрэ;1,000000;0,329990;0,337818;0,304795;
ябни;лшякэ;1,000000;0,000000;0,000000;0,000000;
мюундхрэяъ;ъ;1,000000;0,591770;0,542782;0,594709;
ъ;сбхдерэ;1,000000;0,553137;0,421066;0,406753;
нярюбхрэ;ъ;1,000000;0,373890;0,337722;0,363261;
векнбей;йнрнпши;1,000000;0,714979;0,000000;0,000000;
ъ;скхжю;0,000000;0,658565;1,000000;0,918791;
ашрэ;янбепьеммши;1,000000;0,000000;0,000000;0,000000;
бпелъ;мейнрнпши;1,000000;0,000000;0,000000;0,000000;
ашрэ;мхйрн;0,000000;1,000000;0,000000;0,000000;
яеаъ;бяе;0,000000;0,000000;0,904856;1,000000;
щрнр;фемыхмю;1,000000;0,000000;0,000000;0,000000;
ъ;мюякюрэ;1,000000;0,000000;0,000000;0,000000;
япюгс;ъ;1,000000;0,757297;0,857044;0,831533;
ашрэ;фемыхмю;0,000000;1,000000;0,908927;0,968440;
ябни;рнр;0,000000;0,000000;1,000000;0,893204;
ъ;бшунд;0,000000;0,000000;1,000000;0,000000;
нрячдю;ъ;0,980174;0,947661;1,000000;0,923870;
ъ;нярюрэяъ;1,000000;0,952774;0,748688;0,730322;
дерэ;щрнр;1,000000;0,000000;0,000000;0,000000;
бяе;нярюкэмни;1,000000;0,000000;0,000000;0,000000;
ъ;дсью;1,000000;0,977153;0,930287;0,946690;
ъ;оюою;0,000000;0,958561;1,000000;0,913995;
лепю;ъ;0,000000;0,000000;1,000000;0,950392;
ъ;нярюкэмни;0,000000;0,821789;0,977808;1,000000;
онкю;ъ;0,500746;0,771439;0,958986;1,000000;
леярн;щрнр;1,000000;0,000000;0,000000;0,000000;
ъ;яепэегмши;0,633971;1,000000;0,948325;0,825359;
онопхдепфюрэ;0,000000;0,000000;0,000000;0,000000;
ъ;меярх;1,000000;0,000000;0,000000;0,000000;
бнгпюгхрэ;ъ;1,000000;0,886425;0,861559;0,875000;
пюгцнбнп;ъ;0,774903;0,795602;0,956878;1,000000;
онярюбхрэ;ъ;1,000000;0,420175;0,000000;0,423749;
векнбей;лнкндни;1,000000;0,000000;0,000000;0,000000;
гюйпшрэ;цкюг;1,000000;0,000000;0,000000;0,000000;
мхйнцдю;ашрэ;0,000000;1,000000;0,000000;0,000000;
дслюрэ;ъ;1,000000;0,689153;0,474440;0,425299;
цнкнбю;ондмърэ;1,000000;0,000000;0,000000;0,000000;
янбяел;ашрэ;1,000000;0,000000;0,000000;0,000000;
ъ;рюл;1,000000;0,763144;0,734315;0,787529;
ыейю;ъ;1,000000;0,773226;0,452816;0,572787;
ъ;псйю;0,907853;1,000000;0,775123;0,834700;
ъ;опхбшймсрэ;0,957620;1,000000;0,000000;0,000000;
напюрхрэ;бмхлюмхе;1,000000;0,000000;0,000000;0,000000;
нреж;ъ;0,967839;0,894926;0,972833;1,000000;
ъ;мюонлмхрэ;1,000000;0,000000;0,000000;0,000000;
онлневмши;0,000000;0,000000;0,000000;0,000000;
ьеъ;ъ;1,000000;0,982833;0,607833;0,756438;
рюл;ъ;1,000000;0,763144;0,734315;0,787529;
пюгпеьхрэ;ъ;1,000000;0,000000;0,000000;0,000000;
ъ;мюь;0,000000;0,813665;0,969280;1,000000;
опхбеярх;ъ;1,000000;0,000000;0,000000;0,000000;
леяъж;ъ;0,676221;0,859283;0,897068;1,000000;
ъ;сдюп;0,000000;0,836921;0,855132;1,000000;
йсохрэ;ъ;1,000000;0,536518;0,000000;0,000000;
гюунрерэ;ъ;0,950957;1,000000;0,718301;0,668660;
ъ;днлшрэ;0,968727;1,000000;0,911273;0,810546;
фхгмэ;беяэ;1,000000;0,558307;0,000000;0,000000;
ъ;мхйрн;0,926808;0,793314;0,875027;1,000000;
меанкэьни;ъ;0,000000;0,000000;1,000000;0,930150;
ъ;мювюрэ;1,000000;0,781998;0,801435;0,775419;
ъ;днярюрэ;1,000000;0,000000;0,000000;0,000000;
ъ;опеякеднбюрэ;1,000000;0,000000;0,000000;0,000000;
ъ;пюднярэ;0,000000;1,000000;0,895958;0,846557;
фемыхмю;щрнр;1,000000;0,000000;0,000000;0,000000;
яюлши;ъ;0,472098;0,858066;1,000000;0,961690;
бяе;гдеяэ;1,000000;0,000000;0,000000;0,000000;
ъ;напюыюрэяъ;0,000000;1,000000;0,000000;0,000000;
йпеякн;ъ;0,000000;0,000000;0,976744;1,000000;
гскши;0,000000;0,000000;0,000000;0,000000;
бюфмши;нвемэ;1,000000;0,000000;0,000000;0,000000;
реоепэ;ашрэ;0,716887;1,000000;0,908940;0,810155;
цксоши;ъ;0,000000;0,887380;1,000000;0,990415;
ъ;бхмнбюрши;0,000000;1,000000;0,845566;0,796636;
ъ;ндмюфдш;1,000000;0,000000;0,000000;0,000000;
ъ;аекши;0,000000;0,838327;0,946297;1,000000;
онялнрперэ;ъ;0,537875;1,000000;0,521589;0,532012;
ашрэ;кецйн;1,000000;0,000000;0,000000;0,000000;
ъ;цксанйн;0,000000;1,000000;0,951265;0,000000;
ямнбю;ъ;1,000000;0,638362;0,674654;0,634756;
ъ;пюгцнбюпхбюрэ;0,960277;1,000000;0,694199;0,710593;
ъ;гюйнмвхрэ;1,000000;0,000000;0,000000;0,000000;
ъ;яеаъ;0,371193;1,000000;0,913056;0,889783;
опняхрэ;ъ;1,000000;0,497266;0,447294;0,427117;
йхи;ъ;0,603276;0,840991;1,000000;0,867759;
ъ;дфнм;0,000000;0,000000;0,995117;1,000000;
ъ;онфюрэ;1,000000;0,948688;0,868805;0,875219;
ямърэ;ъ;1,000000;0,707676;0,000000;0,633097;
мелмнцн;ъ;0,662698;1,000000;0,819196;0,751240;
ъ;мюулспхрэяъ;1,000000;0,000000;0,000000;0,000000;
цкюг;нрйпшрэ;1,000000;0,000000;0,000000;0,000000;
цнксани;цкюг;1,000000;0,000000;0,000000;0,000000;
слеперэ;ъ;1,000000;0,769901;0,627280;0,601575;
ъ;бнглнфмши;1,000000;0,611629;0,668678;0,724630;
реоепэ;ъ;1,000000;0,536173;0,481594;0,545239;
ъ;бонкме;1,000000;0,850205;0,918666;0,840257;
ялепрэ;ъ;0,807000;0,914050;1,000000;0,920741;
хмрепеянбюрэ;ъ;1,000000;0,773543;0,000000;0,000000;
яубюрхрэ;ъ;1,000000;0,000000;0,000000;0,295115;
беяэ;щрнр;1,000000;0,000000;0,000000;0,000000;
ъ;леьюрэ;1,000000;0,000000;0,000000;0,000000;
йнрнпши;ъ;1,000000;0,321990;0,435426;0,552870;
депфюрэ;ъ;1,000000;0,389188;0,371639;0,436173;
ндмюфдш;ъ;1,000000;0,000000;0,000000;0,000000;
опюбши;ъ;1,000000;0,871011;0,670061;0,593347;
рпх;демэ;1,000000;0,000000;0,000000;0,000000;
ъ;ноърэ;1,000000;0,493987;0,569534;0,605304;
гюйпхвюрэ;ъ;1,000000;0,000000;0,000000;0,000000;
кна;ъ;0,000000;1,000000;0,000000;0,000000;
ъ;ндефдю;1,000000;0,000000;0,000000;0,997460;
яхдерэ;ъ;1,000000;0,590534;0,570663;0,558384;
ъ;сфюя;0,000000;1,000000;0,996761;0,906883;
нысыюрэ;ъ;1,000000;0,000000;0,000000;0,000000;
ъ;хгбеярмши;1,000000;0,879108;0,570079;0,529656;
кчдх;щрнр;1,000000;0,000000;0,000000;0,000000;
ъ;бхд;0,349331;0,564418;1,000000;0,557523;
ъ;аеяонйнхрэ;1,000000;0,000000;0,000000;0,000000;
дпсцни;ндхм;0,000000;1,000000;0,785978;0,560886;
йюйни;мхасдэ;1,000000;0,000000;0,000000;0,000000;
ъ;цнбнпъ;1,000000;0,000000;0,000000;0,000000;
ъ;яейсмдю;0,988050;0,840252;0,929560;1,000000;
щрнр;ъ;0,398878;0,934712;1,000000;0,988346;
яшм;ъ;1,000000;0,925561;0,946360;0,960591;
ъ;вюярэ;0,807522;0,861357;0,950590;1,000000;
бяонлмхрэ;ъ;1,000000;0,689342;0,591513;0,601879;
люрэ;ъ;1,000000;0,769828;0,901553;0,889074;
ашрэ;рнр;0,359628;0,739887;1,000000;0,875405;
щрнр;щрнр;0,000000;0,000000;0,963387;1,000000;
кецйн;ъ;0,739964;1,000000;0,890967;0,773266;
лнвэ;бяе;0,434959;0,960569;1,000000;0,807724;
цнкнбю;опхирх;0,000000;1,000000;0,000000;0,000000;
опхундхрэяъ;ъ;1,000000;0,000000;0,000000;0,000000;
онвсбярбнбюрэ;ъ;1,000000;0,716299;0,665806;0,605918;
дбепэ;бундмни;1,000000;0,000000;0,000000;0,000000;
йнрнпши;векнбей;1,000000;0,714979;0,000000;0,000000;
ъ;опнднкфюрэ;1,000000;0,730720;0,758391;0,715091;
ъ;цнпкн;0,000000;1,000000;0,000000;0,000000;
яеаъ;яюлши;1,000000;0,000000;0,000000;0,000000;
дщбхд;ъ;0,000000;0,786222;1,000000;0,950994;
щрнр;гмюрэ;0,522388;1,000000;0,761194;0,701492;
бяецдю;ашрэ;1,000000;0,000000;0,000000;0,000000;
пюанрю;ъ;0,731112;0,908963;1,000000;0,977241;
дюбюрэ;ъ;1,000000;0,462272;0,482509;0,537728;
ъ;аефюрэ;0,845836;1,000000;0,701308;0,713008;
ъ;оепбши;0,546473;1,000000;0,946770;0,938695;
дфей;ъ;0,000000;0,847003;0,892744;1,000000;
ашрэ;лни;0,648184;1,000000;0,990440;0,887827;
щрнр;ябни;0,000000;0,000000;0,999477;1,000000;
ябни;фхгмэ;1,000000;0,000000;0,000000;0,000000;
ядекюрэ;ъ;1,000000;0,760743;0,707610;0,680243;
ъ;йпюямши;0,000000;0,000000;0,988383;1,000000;
беярэ;яеаъ;1,000000;0,000000;0,000000;0,000000;
реокши;ъ;0,000000;0,000000;0,986315;1,000000;
ярнпнмю;рнр;1,000000;0,000000;0,000000;0,000000;
рнр;яюлши;1,000000;0,000000;0,000000;0,000000;
ъ;фхгмэ;1,000000;0,740402;0,819890;0,855231;
ъ;опнанплнрюрэ;1,000000;0,456361;0,494686;0,517874;
щрнр;рнр;0,000000;0,000000;0,951295;1,000000;
лнкндни;фемыхмю;1,000000;0,000000;0,000000;0,000000;
сун;ъ;0,589901;1,000000;0,658329;0,643700;
мюдерэ;ъ;1,000000;0,000000;0,000000;0,000000;
лмнцн;ашрэ;0,791176;1,000000;0,617227;0,570588;
ъ;ондслюрэ;1,000000;0,819225;0,620246;0,625928;
оепбши;ъ;0,546473;1,000000;0,946770;0,938695;
опедкнфемхе;ъ;1,000000;0,000000;0,857364;0,801550;
ашрэ;унпньхи;1,000000;0,000000;0,000000;0,000000;
онякедмхи;бпелъ;1,000000;0,000000;0,000000;0,000000;
ъ;онцкюдхрэ;1,000000;0,000000;0,000000;0,000000;
ъ;дфей;0,000000;0,847003;0,892744;1,000000;
яйюгюрэ;щрнр;0,484541;1,000000;0,976004;0,841717;
нцпнлмши;ъ;0,000000;0,929781;1,000000;0,911599;
ъ;лнъ;0,470695;0,746432;0,964774;1,000000;
ъ;бширх;1,000000;0,913868;0,758177;0,744222;
ъ;пнрю;0,987664;1,000000;0,906708;0,963762;
рпсаюдсп;0,000000;0,000000;0,000000;0,000000;
опхвхмхрэ;ъ;1,000000;0,000000;0,000000;0,000000;
щпня;0,000000;0,000000;0,000000;0,000000;
фхрэ;ъ;1,000000;0,881306;0,686938;0,708643;
цпсдэ;ъ;1,000000;0,804517;0,568163;0,695348;
хяусдюрэ;0,000000;0,000000;0,000000;0,000000;
едхмярбеммши;ъ;0,618198;0,920896;1,000000;0,855967;
ъ;опнярхрэ;1,000000;0,634139;0,638615;0,538645;
ъ;сирх;1,000000;0,934408;0,746105;0,767150;
бнгдсу;ъ;0,000000;0,715407;0,887304;1,000000;
ъ;яеярпю;0,797747;0,931867;0,947425;1,000000;
лнвэ;гмюрэ;1,000000;0,000000;0,893290;0,891673;
нярюбюрэяъ;ъ;1,000000;0,920059;0,940785;0,893782;
днярюрнвмши;ашрэ;1,000000;0,000000;0,000000;0,000000;
ъ;бпюв;0,000000;0,876936;1,000000;0,903614;
ъ;пеьхрэ;1,000000;0,694087;0,488496;0,464374;
хгаецюбьхи;0,000000;0,000000;0,000000;0,000000;
пюанрюрэ;ъ;1,000000;0,949068;0,729196;0,708878;
опняшоюрэяъ;0,000000;0,000000;0,000000;0,000000;
ъ;онирх;0,934094;1,000000;0,797256;0,744105;
ъ;яецндмъ;1,000000;0,775060;0,645056;0,654807;
гдеяэ;ъ;1,000000;0,784186;0,702953;0,713605;
керн;оърэ;1,000000;0,000000;0,000000;0,000000;
йпюи;ъ;0,000000;0,000000;1,000000;0,000000;
ъ;бгцкъд;0,977312;1,000000;0,697650;0,710499;
дерэ;хлерэ;1,000000;0,000000;0,000000;0,000000;
вепрю;ъ;0,746816;1,000000;0,785648;0,769804;
ясдъ;бяе;0,000000;1,000000;0,000000;0,000000;
бшъямхрэ;0,000000;0,000000;0,000000;0,000000;
ъ;ялепрэ;0,807000;0,914050;1,000000;0,920741;
унрерэ;щрнр;1,000000;0,835558;0,845874;0,687500;
бнкня;ъ;1,000000;0,943588;0,808462;0,837324;
боевюркемхе;ъ;0,000000;1,000000;0,000000;0,000000;
йпхвюрэ;ъ;1,000000;0,000000;0,000000;0,000000;
меяйнкэйн;ъ;0,329321;1,000000;0,940822;0,849214;
йрн;йрн;0,000000;1,000000;0,934152;0,871652;
йнлоюмхъ;ъ;1,000000;0,000000;0,000000;0,000000;
ъ;оноюярэ;1,000000;0,778866;0,605155;0,620619;
кчанбэ;ъ;0,845421;0,992317;0,930240;1,000000;
ъ;хлъ;1,000000;0,835199;0,855493;0,874038;
дерэ;ябни;1,000000;0,000000;0,000000;0,000000;
меяйнкэйн;лхмсрэ;1,000000;0,000000;0,000000;0,000000;
люкши;ъ;0,643809;1,000000;0,967796;0,918379;
ъ;лнлемр;0,940072;0,908318;0,813506;1,000000;
ъ;кюднмэ;1,000000;0,967462;0,838937;0,837852;
ъ;цнпюгдши;0,000000;0,876936;1,000000;0,832111;
мхйнцдю;ъ;1,000000;0,400905;0,478859;0,523143;
оепбн;0,000000;0,000000;0,000000;0,000000;
ябни;йнлмюрю;1,000000;0,000000;0,000000;0,000000;
ъ;онднирх;0,961737;1,000000;0,588825;0,631339;
рнр;лнлемр;1,000000;0,000000;0,000000;0,000000;
яксвюи;рюйни;1,000000;0,000000;0,000000;0,000000;
бширх;ъ;1,000000;0,913868;0,758177;0,744222;
ъ;бшякюрэ;1,000000;0,000000;0,000000;0,000000;
оюпемэ;щрнр;1,000000;0,000000;0,000000;0,000000;
щрнр;лхп;1,000000;0,000000;0,000000;0,000000;
фемыхмю;лнкндни;1,000000;0,000000;0,000000;0,000000;
ашрэ;янбяел;1,000000;0,000000;0,000000;0,000000;
ъ;опхясрярбхе;1,000000;0,000000;0,000000;0,000000;
бепхрэ;ъ;0,865951;1,000000;0,662813;0,596477;
онрнл;ъ;1,000000;0,669134;0,794033;0,867584;
цнпюгдши;ъ;0,000000;0,876936;1,000000;0,832111;
ъ;йюохрюм;0,000000;0,933955;0,992230;1,000000;
дпсцни;йнмеж;1,000000;0,000000;0,000000;0,000000;
рекетнм;ъ;0,651769;0,915580;1,000000;0,936685;
ъ;онгдмн;1,000000;0,000000;0,000000;0,000000;
врн;ъ;1,000000;0,611160;0,651398;0,695179;
бевепнл;ъ;1,000000;0,752037;0,827707;0,813737;
ъ;онбеярх;1,000000;0,000000;0,000000;0,000000;
цкюг;гюйпшрэ;1,000000;0,000000;0,000000;0,000000;
гмюйнлши;ъ;1,000000;0,986635;0,904057;0,854893;
фемыхмю;ашрэ;0,000000;1,000000;0,908927;0,968440;
бмхг;ъ;0,000000;1,000000;0,731352;0,705882;
фхгмэ;ашрэ;0,000000;0,860829;1,000000;0,914777;
ярск;ъ;0,000000;0,000000;0,000000;1,000000;
ашрэ;цкюг;0,000000;0,947302;1,000000;0,880176;
хлерэ;опюбши;1,000000;0,000000;0,000000;0,000000;
рюйни;бяе;0,000000;0,000000;0,000000;1,000000;
унрерэ;ашрэ;1,000000;0,000000;0,842571;0,945165;
ъ;кефюрэ;1,000000;0,673554;0,613073;0,603681;
медекъ;дбю;1,000000;0,000000;0,000000;0,000000;
еярэ;еые;1,000000;0,000000;0,000000;0,000000;
ръфекши;ъ;0,642589;1,000000;0,902908;0,911820;
дфнм;ъ;0,000000;0,000000;0,995117;1,000000;
псйю;яубюрхрэ;0,000000;0,000000;1,000000;0,000000;
нреж;рбни;1,000000;0,000000;0,000000;0,000000;
ъ;йнфю;1,000000;0,818709;0,000000;0,772299;
ъ;якнбн;1,000000;0,723097;0,805297;0,885111;
ъ;нярюбхрэ;1,000000;0,373890;0,337722;0,363261;
гюмхлюрэяъ;ъ;1,000000;0,896072;0,731477;0,707608;
ъ;мюопюбхрэяъ;1,000000;0,000000;0,000000;0,000000;
яопняхрэ;ъ;1,000000;0,627852;0,606648;0,606752;
днлшрэ;ъ;0,968727;1,000000;0,911273;0,810546;
керн;деяърэ;1,000000;0,000000;0,000000;0,000000;
мюгбюрэ;ъ;1,000000;0,000000;0,000000;0,000000;
деяърхкерхе;0,000000;0,000000;0,000000;0,000000;
яубюрхрэ;псйю;0,000000;0,000000;1,000000;0,000000;
